reference_number	pmid	doi	status	pubmed_title	openalex_title	title_similarity	openalex_id
1	34746001	10.3389/fonc.2021.761379	verified	The Molecular Basis and Therapeutic Aspects of Cisplatin Resistance in Oral Squamous Cell Carcinoma.	The Molecular Basis and Therapeutic Aspects of Cisplatin Resistance in Oral Squamous Cell Carcinoma	1.0	https://openalex.org/W3208994122
2	21892204	10.1038/onc.2011.384	verified	Molecular mechanisms of cisplatin resistance.	Molecular mechanisms of cisplatin resistance	1.0	https://openalex.org/W2141037581
3	26491674	10.1155/2015/508587	verified	Osteopontin Involves Cisplatin Resistance and Poor Prognosis in Oral Squamous Cell Carcinoma.	Osteopontin Involves Cisplatin Resistance and Poor Prognosis in Oral Squamous Cell Carcinoma	1.0	https://openalex.org/W1959647463
4	21342274	10.1111/j.1600-0714.2011.01015.x	verified	Markedly increased Oct4 and Nanog expression correlates with cisplatin resistance in oral squamous cell carcinoma.	Markedly increased Oct4 and Nanog expression correlates with cisplatin resistance in oral squamous cell carcinoma	1.0	https://openalex.org/W1734170005
5	33434185	10.1172/jci.insight.143643	verified	CMTM6 drives cisplatin resistance by regulating Wnt signaling through the ENO-1/AKT/GSK3β axis.	CMTM6 drives cisplatin resistance by regulating Wnt signaling through the ENO-1/AKT/GSK3β axis	1.0	https://openalex.org/W3120030016
6	41506484	10.1016/j.jbc.2025.111126	verified	Single-cell analysis identifies BASP1 as a driver of drug resistance and cell plasticity in oral squamous cell carcinoma.	Single-cell analysis identifies BASP1 as a driver of drug resistance and cell plasticity in oral squamous cell carcinoma	1.0	https://openalex.org/W7118614123
7	29198524	10.1016/j.cell.2017.10.044	verified	Single-Cell Transcriptomic Analysis of Primary and Metastatic Tumor Ecosystems in Head and Neck Cancer.	Single-Cell Transcriptomic Analysis of Primary and Metastatic Tumor Ecosystems in Head and Neck Cancer	1.0	https://openalex.org/W2771542157
8	34584091	10.1038/s41467-021-25960-2	verified	Confronting false discoveries in single-cell differential expression.	Confronting false discoveries in single-cell differential expression	1.0	https://openalex.org/W3202649987
9	29195078	10.1016/j.cell.2017.10.049	verified	A Next Generation Connectivity Map: L1000 Platform and the First 1,000,000 Profiles.	A Next Generation Connectivity Map: L1000 Platform and the First 1,000,000 Profiles	1.0	https://openalex.org/W2612467560
10	32613204	10.1038/s43018-019-0018-6	verified	Discovering the anti-cancer potential of non-oncology drugs by systematic viability profiling.	Discovering the anticancer potential of non-oncology drugs by systematic viability profiling	1.0	https://openalex.org/W3003119869
11	38215750	10.1016/j.ccell.2023.12.016	verified	A comprehensive clinically informed map of dependencies in cancer cells and framework for target prioritization.	A comprehensive clinically informed map of dependencies in cancer cells and framework for target prioritization	1.0	https://openalex.org/W4390753675
12	25631445	10.1038/nature14129	verified	Comprehensive genomic characterization of head and neck squamous cell carcinomas.	Comprehensive genomic characterization of head and neck squamous cell carcinomas	1.0	https://openalex.org/W1986241711
13	35706019	10.1186/s12929-022-00824-z	verified	MicroRNA-485-5p targets keratin 17 to regulate oral cancer stemness and chemoresistance via the integrin/FAK/Src/ERK/β-catenin pathway.	MicroRNA-485-5p targets keratin 17 to regulate oral cancer stemness and chemoresistance via the integrin/FAK/Src/ERK/β-catenin pathway	1.0	https://openalex.org/W4282918419
14	30400809	10.1186/s12859-018-2435-4	verified	Single sample scoring of molecular phenotypes.	Single sample scoring of molecular phenotypes	1.0	https://openalex.org/W2900032527
15	34013329	10.1093/bib/bbab161	verified	Reconciling multiple connectivity scores for drug repurposing.	Reconciling multiple connectivity scores for drug repurposing	1.0	https://openalex.org/W3087600159
16	29083409	10.1038/ng.3984	verified	Computational correction of copy number effect improves specificity of CRISPR-Cas9 essentiality screens in cancer cells.	Computational correction of copy number effect improves specificity of CRISPR–Cas9 essentiality screens in cancer cells	1.0	https://openalex.org/W2735132087
17		10.1111/j.2517-6161.1995.tb02031.x	verified		Controlling the False Discovery Rate: A Practical and Powerful Approach to Multiple Testing	1.0	https://openalex.org/W2110065044
18		10.1037/0033-2909.114.3.494	verified		Dominance statistics: Ordinal analyses to answer ordinal questions.	1.0	https://openalex.org/W1978813754
19		10.1111/j.2517-6161.1972.tb00899.x	verified		Regression Models and Life-Tables	1.0	https://openalex.org/W3147894994
20		10.25452/figshare.plus.25880521.v1	verified		DepMap 24Q2 Public	1.0	https://openalex.org/W6908043046
21			official_repository_no_doi				
22			official_repository_no_doi				
23			official_repository_no_doi				
24			official_repository_no_doi				
25			official_repository_no_doi				
26			official_repository_no_doi				
27	39079621	10.1016/j.cellsig.2024.111327	verified	PER2 binding to PDK1 enhances the cisplatin sensitivity of oral squamous cell carcinoma through inhibition of the AKT/mTOR pathway.	PER2 binding to PDK1 enhances the cisplatin sensitivity of oral squamous cell carcinoma through inhibition of the AKT/mTOR pathway	1.0	https://openalex.org/W4401158887
28	36165231	10.1096/fj.202200808rr	verified	CMTM6 attenuates cisplatin-induced cell death in OSCC by regulating AKT/c-Myc-driven ribosome biogenesis.	<scp>CMTM6</scp> attenuates cisplatin‐induced cell death in <scp>OSCC</scp> by regulating <scp>AKT/c‐Myc</scp> ‐driven ribosome biogenesis	1.0	https://openalex.org/W4297250830
29	32730654	10.1111/odi.13583	verified	Cancer-derived IgG involved in cisplatin resistance through PTP-BAS/Src/PDK1/AKT signaling pathway.	Cancer‐derived IgG involved in cisplatin resistance through PTP‐BAS/Src/PDK1/AKT signaling pathway	1.0	https://openalex.org/W3046896288
30	25686830	10.18632/oncotarget.2893	verified	p22phox confers resistance to cisplatin, by blocking its entry into the nucleus.	p22phox confers resistance to cisplatin, by blocking its entry into the nucleus	1.0	https://openalex.org/W1929534795
31	36247015	10.3389/fcell.2022.904719	verified	The MASTL-ENSA-PP2A/B55 axis modulates cisplatin resistance in oral squamous cell carcinoma.	The MASTL-ENSA-PP2A/B55 axis modulates cisplatin resistance in oral squamous cell carcinoma	1.0	https://openalex.org/W4297538754
32	31118072	10.1186/s12885-019-5664-7	verified	Regulation of cisplatin-resistant head and neck squamous cell carcinoma by the SRC/ETS-1 signaling pathway.	Regulation of cisplatin-resistant head and neck squamous cell carcinoma by the SRC/ETS-1 signaling pathway	1.0	https://openalex.org/W2947599233
33	17786364		official_repository_no_doi	Copper efflux transporter (ATP7B) contributes to the acquisition of cisplatin-resistance in human oral squamous cell lines.			
34	38706122	10.1002/cbin.12169	verified	Capsaicin reverses cisplatin resistance in tongue squamous cell carcinoma by inhibiting the Warburg effect and facilitating mitochondrial-dependent apoptosis via the AMPK/AKT/mTOR axis.	Capsaicin reverses cisplatin resistance in tongue squamous cell carcinoma by inhibiting the Warburg effect and facilitating mitochondrial‐dependent apoptosis via the AMPK/AKT/mTOR axis	1.0	https://openalex.org/W4396664521
35	39323844	10.1016/j.heliyon.2024.e37518	verified	Quercetin represses cholesterol metabolism and mitigates resistance to cisplatin in oral squamous cell carcinoma by regulating AGR2/AKT/SREBP2 axis.	Quercetin represses cholesterol metabolism and mitigates resistance to cisplatin in oral squamous cell carcinoma by regulating AGR2/AKT/SREBP2 axis	1.0	https://openalex.org/W4402489971
36	41710578	10.2147/dddt.s557101	verified	Lycopene Enhances the Sensitivity of Oral Squamous Cell Carcinoma to Cisplatin Through Inhibition of the PI3K/Akt Signaling Pathway and Reversal of Epithelial-Mesenchymal Transition.	Lycopene Enhances the Sensitivity of Oral Squamous Cell Carcinoma to Cisplatin Through Inhibition of the PI3K/Akt Signaling Pathway and Reversal of Epithelial-Mesenchymal Transition	1.0	https://openalex.org/W7128807999
37	31182137	10.1186/s13046-019-1256-2	verified	AKR1C1 controls cisplatin-resistance in head and neck squamous cell carcinoma through cross-talk with the STAT1/3 signaling pathway.	AKR1C1 controls cisplatin-resistance in head and neck squamous cell carcinoma through cross-talk with the STAT1/3 signaling pathway	1.0	https://openalex.org/W2953087511
38	32398775	10.1038/s41598-020-64664-3	verified	Mitochondrial DNA alterations may influence the cisplatin responsiveness of oral squamous cell carcinoma.	Mitochondrial DNA alterations may influence the cisplatin responsiveness of oral squamous cell carcinoma	1.0	https://openalex.org/W3024374315
39	25846049	10.3892/ijo.2015.2948	verified	The Hippo pathway transcriptional co-activator, YAP, confers resistance to cisplatin in human oral squamous cell carcinoma.	The Hippo pathway transcriptional co-activator, YAP, confers resistance to cisplatin in human oral squamous cell carcinoma	1.0	https://openalex.org/W2061278329
40	12509969	10.1016/s1368-8375(02)00038-6	verified	Expression of copper-transporting P-type adenosine triphosphatase (ATP7B) as a chemoresistance marker in human oral squamous cell carcinoma treated with cisplatin.	Expression of copper-transporting P-type adenosine triphosphatase (ATP7B) as a chemoresistance marker in human oral squamous cell carcinoma treated with cisplatin	1.0	https://openalex.org/W2136615414
41	31638244	10.3892/or.2019.7367	verified	Ammonium tetrathiomolybdate enhances the antitumor effect of cisplatin via the suppression of ATPase copper transporting beta in head and neck squamous cell carcinoma.	Ammonium tetrathiomolybdate enhances the antitumor effect of cisplatin via the suppression of ATPase copper transporting beta in head and neck squamous cell carcinoma	1.0	https://openalex.org/W2979372286
42	34712414	10.34172/joddd.2021.036	verified	Drug resistance against 5-fluorouracil and cisplatin in the treatment of head and neck squamous cell carcinoma: A systematic review.	Drug resistance against 5-fluorouracil and cisplatin in the treatment of head and neck squamous cell carcinoma: A systematic review	1.0	https://openalex.org/W3198464062
43	35159370	10.3390/cells11030561	verified	Mechanisms of Cisplatin Resistance in HPV Negative Head and Neck Squamous Cell Carcinomas.	Mechanisms of Cisplatin Resistance in HPV Negative Head and Neck Squamous Cell Carcinomas	1.0	https://openalex.org/W4210752214
44	37137185	10.1016/j.biopha.2023.114778	verified	New advances into cisplatin resistance in head and neck squamous carcinoma: Mechanisms and therapeutic aspects.	New advances into cisplatin resistance in head and neck squamous carcinoma: Mechanisms and therapeutic aspects	1.0	https://openalex.org/W4367610420
45	29497144	10.1038/nrc.2018.11	verified	The molecular landscape of head and neck cancer.	The molecular landscape of head and neck cancer	1.0	https://openalex.org/W2793226176
46	23619168	10.1158/2159-8290.cd-12-0537	verified	Integrative genomic characterization of oral squamous cell carcinoma identifies frequent somatic drivers.	Integrative Genomic Characterization of Oral Squamous Cell Carcinoma Identifies Frequent Somatic Drivers	1.0	https://openalex.org/W2128961154
47	33799782	10.3390/cancers13061230	verified	Single-Cell Deconvolution of Head and Neck Squamous Cell Carcinoma.	Single-Cell Deconvolution of Head and Neck Squamous Cell Carcinoma	1.0	https://openalex.org/W3134490044
48	36982384	10.3390/ijms24065310	verified	KDM5D Histone Demethylase Identifies Platinum-Tolerant Head and Neck Cancer Cells Vulnerable to Mitotic Catastrophe.	KDM5D Histone Demethylase Identifies Platinum-Tolerant Head and Neck Cancer Cells Vulnerable to Mitotic Catastrophe	1.0	https://openalex.org/W4323851099
49	36148955	10.3724/abbs.2022132	verified	Single-cell analysis reveals that cancer-associated fibroblasts stimulate oral squamous cell carcinoma invasion via the TGF-β/Smad pathway.	Single-cell analysis reveals that cancer-associated fibroblasts stimulate oral squamous cell carcinoma invasion via the TGF-&amp;beta;/Smad pathway	0.9833333333333333	https://openalex.org/W4295122251
50	41405962	10.1093/bib/bbaf684	verified	Benchmarking single-sample gene set scoring methods for application in precision medicine.	Benchmarking single-sample gene set scoring methods for application in precision medicine	1.0	https://openalex.org/W4417498412
